-2.7688427,1.7847345,-1.249011,1.6099671,2.1353483,-3.079294,-0.43954366,0.13935834,-2.0679867,0.48300153,-3.6643322,-1.0360867,0.038368434,-3.289785,0.04871263,0.709709,-1.4728307,1.7350017,-0.90744674,-2.8982637,-1.6186016,0.6887528,1.198679,-1.1918634,-0.577498,0.26547596,0.4432577,3.9129238,-2.681136,-0.7419711,-2.2021532,-0.6218978
-1.2541579,-2.7287116,0.9182431,1.8323706,1.9346992,-1.8005381,-0.20502312,-0.3593277,-0.0026587918,-0.75684685,-2.676921,2.121909,1.9008304,-0.6989926,-1.9287208,-1.354894,0.08791198,2.8785353,-2.5500987,-0.9088184,-0.8341466,-2.2982874,0.21299598,-0.3825908,-1.1045986,-1.301383,-0.97223437,0.5501243,-0.41326067,2.6756563,-2.7986727,0.10803053
-0.9296886,-1.8890771,1.150834,0.8032787,1.337948,0.880188,0.30242786,-0.26047385,0.07666064,-1.5112319,-2.0906081,1.480306,1.6713105,-1.8258606,2.0836775,-0.97733563,-0.49148715,1.3316549,-3.22682,-0.37422195,-0.58816487,-1.0926013,1.3681493,0.6406553,0.20731674,-2.2490592,-0.4246666,0.6802614,0.21971402,1.1878301,1.1333503,-0.35794488
0.5177866,-2.0178006,-0.10466004,1.0806109,0.76126546,-0.46092668,0.18758692,-0.07398121,0.34635577,-0.84500724,0.009335637,1.0270299,2.7306564,-1.5567914,0.06451209,-1.7243268,0.14915724,2.107179,-2.4425073,-0.40421999,-0.61763614,-2.2059047,-0.0861452,0.44234845,-0.233148,-1.9462248,-1.7408112,0.5070449,-0.7085429,2.0770159,1.5752314,-0.5664742
-0.04846287,-0.98602,-2.7974095,1.6920553,0.28593367,-1.4056824,0.85791904,0.0056866854,0.03515006,-0.42378333,-1.5005437,1.2777205,3.0847223,0.2542353,-1.5229205,-2.3584254,-0.054594338,1.7351229,-2.0421476,-0.12987755,-0.047041133,-1.6449182,-0.21177688,-0.16175878,-1.10591,-1.6229963,-1.0563369,1.1508662,-1.4723941,1.9194906,-0.81511134,-0.80474174
0.38026187,1.4781749,2.764396,-0.32492995,-0.30688477,-1.4971862,-1.3909123,-2.6831772,-0.8580202,-1.2339479,-2.0685108,-0.034528617,-2.057687,-1.5432315,-1.3119134,-2.0482268,0.47008842,-1.1761886,-0.7828414,-0.28179258,-0.89179915,-4.8420653,-0.005395688,1.6371858,2.419528,1.148372,-2.755165,0.89822006,-0.14343768,-3.6999497,1.5201254,0.17238215
-0.25761387,1.5773022,1.9778739,-0.62980556,0.9412406,0.21789718,-0.8180763,-1.682991,-0.28065935,-0.8097825,-2.9069839,-0.36808878,-1.8635815,-1.6609768,0.8568398,-0.39923346,-0.1603909,-0.97999126,0.18557952,-0.83063424,-0.45370978,-1.41402,0.37617746,0.83615875,0.57663125,0.29552093,-0.62026536,1.4330331,-0.5104541,-1.5907841,0.21516307,0.21932125
-1.6599411,1.0758939,2.3914123,-2.1122396,0.13379191,0.10650906,-1.8238229,-0.81199807,-0.86197525,-0.30288798,-1.7608757,-0.62201154,-2.6853926,-3.4874542,2.1525152,0.017591052,-0.42168075,-0.910303,-0.18473569,-0.26415646,-0.022793025,0.38120547,0.08185803,0.30169222,0.9282853,-0.34929076,-1.4023789,0.23894559,0.6503898,-1.9533782,-0.7200658,0.2438092
-0.1720997,-0.28772563,3.434468,-0.5372549,1.5282818,-0.8511215,-1.3287967,-1.6929529,-0.5244884,-0.77468413,-2.5039563,-0.8877078,-1.3129761,-3.6539018,0.84520227,-0.26528284,-2.1391091,0.8580553,0.552196,0.0010465309,-0.33091876,-1.7071687,-0.13771784,-0.15577656,2.055968,0.81625414,0.40954292,-0.3154505,1.1497838,0.23645258,1.575751,-0.45198092
0.46280956,0.89430094,4.029943,-0.8669529,0.40192318,-4.0517445,-0.6102931,-3.9567227,0.47149098,0.7499905,-2.6452742,-0.9208127,-2.5636258,-2.3807437,-2.8762858,-1.3763292,0.6878928,-0.5827475,0.89584196,-0.9853552,-1.0083232,-4.3388615,-0.31264478,-0.48492774,1.2399625,1.8483307,-1.978265,0.5621829,-1.187523,-0.93703985,0.12986262,-0.3249525
-1.7708231,-0.5486847,2.737877,-1.8413811,-0.019011945,-3.6965344,-1.5707383,-3.3739696,1.587496,3.0224197,-1.3132942,-0.85816765,-2.7050135,-0.19975443,-0.006567574,-1.2764721,-0.62896687,-0.26005974,2.243631,0.7520773,1.2720478,-2.1583304,-1.8053123,-1.8551248,0.9371535,1.3986988,-2.1107106,-1.5015407,0.9957316,1.6289023,1.5040401,0.59175944
-0.8910104,1.7203686,0.3648408,0.06917575,3.5031042,-0.7349285,-1.1893517,-1.0642159,-3.1169214,-0.30244908,-3.594813,-2.6090574,-2.325958,-1.2241557,0.82939464,-0.77018917,-1.540346,1.2987504,2.9318414,-0.48354533,-2.3231504,-2.089552,-0.9161175,0.009170294,2.0842907,3.205687,-0.8528167,2.7088416,-0.25285944,-1.3548396,2.155136,-0.10560858
0.53164446,1.8028228,-0.7829197,-1.9074916,-1.05506,-3.6799965,0.22966652,-3.977715,0.68281084,1.7915093,-2.4619908,-1.3577579,-2.3371255,0.80246186,-1.0180324,-3.0511045,-1.0675086,-1.895793,2.0216086,0.8629193,-0.1550143,-1.6134394,-0.88216895,-1.0228136,1.6902385,1.7210472,-0.6799362,-0.0764463,0.3611092,-1.7099844,0.77716833,-1.1669078
-0.6667673,0.9587439,-1.5689116,0.26574767,-0.9288173,-1.2927413,-0.13003033,-2.2485762,0.92935455,0.54080623,-2.339192,0.44424054,0.8038754,4.1099596,0.5485184,-2.5900388,0.36770892,-1.7442818,0.63841826,-0.55693024,1.7470536,-1.5392942,-0.8624677,-0.2887394,-0.40728837,0.23098709,-1.0686207,0.5193459,0.1141531,0.2761079,-0.40685666,0.74833596
1.1885542,0.3141916,-1.4139061,0.79901874,-1.1591996,0.30198437,-0.30085284,-1.2120647,-0.0025318041,0.111621246,-0.4763286,1.3290191,1.6203504,3.8329146,0.4550094,-2.1665235,2.4088283,-0.9952906,-0.4060803,-0.31047988,1.149466,-1.0467298,-0.7742138,1.3341775,-0.6326721,-0.15836816,-2.1684499,0.06487925,0.4067389,0.1633493,-1.6076472,0.48445192
-1.7894186,1.7222328,-1.8445643,-0.26483348,-1.2207996,-3.1768696,-0.29235926,-2.6201453,0.6688327,-0.6009589,-3.355564,0.10130611,0.89520216,3.9882762,-0.5580277,-3.425504,-0.74262214,-2.1541655,-0.0077023953,-0.20214039,0.82917285,-0.8252568,-1.1245396,-1.5127293,-0.30388844,-0.16714591,0.19988924,0.9234076,-1.1708982,-1.42556,0.79293936,1.2967023
0.028221946,1.1449112,-1.7375058,1.0695155,-0.3622898,-2.3300214,0.08550836,-1.9536417,0.8185444,0.14419144,-0.9827016,0.066571295,1.7722671,3.9502337,-2.1828969,-2.2443016,0.32951474,-0.2449708,0.31177616,-0.47499788,0.19304284,-2.3898597,-1.4174337,-0.44844702,-0.0002514273,0.99919903,-1.2302809,1.2279347,-1.8883795,0.024588458,2.1018326,1.0004438
-0.44216862,1.7933085,-2.1778502,0.3387576,-0.82383555,-3.3969038,-0.36359006,-3.326109,0.6482471,3.6202872,-1.381358,-2.3974469,0.9831737,1.8077633,1.1090964,-1.7785884,0.59046626,0.44924334,2.8499088,-3.4144967,-0.18889233,-1.2131355,-1.764185,-2.045356,-1.4499696,1.8863356,-3.6504269,1.68934,-1.5054699,1.994741,-3.1959598,-0.38800552
-1.3343432,0.4441448,-1.8902062,2.0199301,1.6464381,-2.535324,-0.3435073,-1.7050786,-0.28019857,0.682135,-2.65633,-0.5911292,1.7495042,1.1595129,0.33803022,-1.9873948,-0.5601677,1.8894309,0.69844496,-2.0980563,-0.3295416,-0.44531742,-1.1613001,-2.0793269,-0.90651375,1.0232161,-0.595599,2.3664637,-1.9800488,2.171775,-2.5076275,0.2682955
1.0929245,1.6410139,-0.69489866,-1.3969592,-1.8413235,-0.44458595,-1.9731591,-1.8265848,-1.3196194,-0.18577297,-0.390961,-0.61402535,1.0366241,0.67623085,1.9238024,-3.5979228,0.15121467,-1.2949681,-0.4975217,-1.2402127,0.15355538,-0.76892424,-2.178264,-0.3752282,0.7479266,-0.07684374,-3.160409,1.5972713,-1.2418859,-2.8933792,2.3113763,1.8012425
-1.3562204,-0.03906671,-1.0871501,-1.2839781,-1.7380046,0.92700005,-2.7777784,-0.56936485,-2.3223221,-0.9481841,-0.48588008,0.9382603,-0.14106551,-2.4082093,-0.0057764007,-3.6847928,0.77644396,0.5030933,-1.4386798,0.35280722,0.323586,-0.99880576,-2.376488,0.70830214,0.88060474,-1.1300678,-4.579195,0.57814366,-0.5589243,-2.6289005,0.17704238,0.6133857
-0.522836,3.1074219,-0.575578,-1.4141699,0.23709638,-2.6179535,-1.812562,-2.0964801,-1.1359242,-1.2243685,-4.3065963,-1.7362243,-0.5375524,0.47171655,0.58457047,-2.6477532,-0.895712,-2.270105,0.10186924,-0.5920735,-0.25573987,0.49422964,-1.1168191,-1.4450749,0.8282738,0.38518873,0.9530052,1.8645797,-1.817415,-2.2966921,-0.53570664,1.152507
0.69553095,1.9415526,-1.4862458,-0.5004475,-2.2081733,-0.7317003,-0.51458555,-1.3238053,-1.8428017,-0.9928663,-1.4231725,0.8938558,0.36641154,1.4434581,-0.041231897,-3.0134292,1.1312174,-1.259531,-0.4301055,0.2092089,0.12705052,-0.06701963,-0.70395577,0.92672193,0.45950747,-0.017214853,-1.5121546,0.34206843,0.29290316,-3.3098214,-1.9223297,-0.040767163
-0.2241432,-1.0437145,1.5251924,-0.34083566,0.7280013,-5.1728363,-0.19507705,-3.7509499,2.4701142,1.1981777,-2.3033698,-0.4360541,-0.9844171,-1.8055735,-2.7108376,-2.79161,-1.1426704,-0.056437314,0.62688214,0.6851906,0.6451947,-3.8329587,-0.3279316,-1.0049874,1.2057493,0.19883312,-0.62674797,-0.60990614,0.23154393,1.2793202,-0.12807904,-1.3692998
0.04497161,-0.5213223,0.24504977,2.1556923,1.8816196,-2.012087,2.0867336,-2.3178794,0.24024189,-0.90255326,-4.7743855,1.4807441,1.4847373,0.18795471,0.2799903,-0.6187815,-1.4868271,0.8717055,-2.19903,-1.0435789,-1.6028917,-2.5998788,2.9407756,-0.26284012,1.8213007,-0.84965,0.59272313,0.772253,2.1193929,1.0724949,-2.1326213,-1.8623685
-1.2189724,-1.500087,0.12162351,1.2470807,0.7649385,-1.1627219,2.3899968,-1.5455546,1.8267461,-1.354372,-3.159056,2.1866693,1.9777263,0.632606,-0.16528723,-1.1776991,-2.3352647,0.08774233,-2.874379,0.8796262,0.24734873,-2.0007799,2.4327824,-0.33474553,1.3765181,-2.1765687,1.5076429,-1.097493,2.258048,1.8242141,0.74789464,-1.7725247
-1.1056283,-0.71450955,-0.6383383,1.0679843,0.16166346,-0.8951504,2.5657332,-1.4745135,1.3460305,-0.8105457,-2.356302,2.242035,0.803482,0.63946044,-0.46041024,-0.5768095,0.65675086,-0.8240197,-1.749618,0.23686978,0.20193523,-1.7734116,3.0082698,0.67832077,0.6037676,-1.9983971,-0.6539744,-1.0102669,2.6613808,1.33205,-1.6528639,-2.4963555
-1.732199,-0.8570042,-0.19535413,0.3069556,0.18283193,0.14208966,1.8268327,-0.8936291,0.3613783,-1.0533745,-0.7500127,1.8668698,1.2500819,0.18436573,-0.2679027,-0.9744982,0.054373384,0.15874583,-1.9946588,0.3905064,-0.51401716,-1.7799369,1.9908159,0.59486544,1.5665603,-1.7451024,-2.0067735,-0.14986621,2.104327,0.7542159,2.0352962,-1.3925141
-1.0548884,-2.2533236,1.192595,1.3590871,-0.72651637,-0.28138426,0.34755751,-1.1197695,1.3422472,0.20693342,-0.22976513,1.9321651,2.357896,0.8993174,0.6905243,-0.9957923,1.7737299,0.66417944,-2.4384985,-1.0241944,0.13762099,-3.209072,0.6194591,0.08081382,-0.47209233,-1.7439439,-4.0181623,-1.1398948,1.6988418,3.1765442,-1.4744426,-0.24929094
-0.40371868,-1.3661008,-0.74981123,0.6307993,1.0187268,-0.16289142,1.9981247,-0.7586391,0.5775542,-0.4665118,-1.1511261,0.96861553,0.9395579,-1.3868325,0.83561957,-1.0403075,-0.579166,1.0701809,-1.5869057,0.7522333,-0.60003495,-0.95469236,1.7999308,0.713801,0.7207622,-1.8992875,-0.29827833,-0.06901669,0.85131985,1.1900437,0.95961565,-2.340844
0.46027863,-2.6933382,0.97663194,1.3712912,1.4155089,-1.1979774,0.48399258,-0.81727725,0.7968008,-1.0876812,-1.4657397,1.5772599,2.5998347,-0.79101133,-0.20223594,-1.4241881,-1.2330496,2.13286,-2.5479674,-0.1265733,-0.6279452,-2.6061845,0.5383091,-0.17054763,0.3588831,-1.6370027,0.028340667,-0.20959495,0.5841203,2.5215056,1.4257729,-0.5157508
-1.5228796,-2.5439906,0.53073484,0.08258417,1.676299,-0.38256645,0.33425122,-0.8334748,0.6245988,-0.36730033,-0.83441633,0.62247425,1.4689645,-2.1430411,1.2541625,-1.8598268,-0.47902,1.8505332,-1.6803255,-0.0627912,-0.3470054,-1.5057656,0.42690256,-0.3357004,0.4742896,-2.1328409,-1.192381,0.19541647,0.41386786,2.4080374,2.405691,-1.0438209
-0.4334822,-0.741479,-0.5304499,0.7995845,0.599707,1.0335863,1.7486712,-0.2799724,0.07536026,-1.8040673,-1.1715976,2.193518,2.0449526,0.638554,0.93701226,-0.7543864,0.014660314,0.2276687,-2.8533216,-0.24957144,-0.7963943,-1.2281079,2.1514142,0.95675445,0.7856744,-2.2416456,-1.0787568,0.8752651,0.72630703,0.17281082,1.8796438,-0.6908076
-1.2278215,-0.3489505,1.6472894,2.3259914,1.3192809,-1.6934948,0.19502659,-0.0714179,-0.37435168,-0.60890776,-0.707079,1.6501094,-0.23940921,-2.4566183,-2.451486,0.91462487,1.6166369,1.375303,-2.7045565,-1.8719717,-1.6532867,-2.7260742,1.8909061,1.1075126,-0.80565196,0.059709948,-3.334528,1.6936387,-1.8489176,0.036749817,-3.1968014,0.17149472
-0.87262154,-0.32259458,0.59790254,2.1473038,2.176325,-0.5702265,2.017908,-0.73179877,0.44945335,-1.546644,-2.7167196,1.3366679,1.2910775,-2.1841803,-0.51645947,0.378089,-2.2084913,1.7069225,-2.5271628,-1.1161612,-1.1573734,-2.8105829,2.771021,0.6813015,0.22915986,-0.83746547,0.49660754,1.8381963,-0.6532947,0.6268545,1.2639209,-1.2742482
-1.2452753,-1.5164711,-0.5675842,-0.056600302,0.43371004,-2.3812976,-2.4488604,-1.199019,-0.07982016,1.1217889,-1.1932621,0.28119645,1.0051403,1.9272714,-2.1236417,-2.9414415,0.8420508,1.6330545,0.9439281,-0.17309809,1.0849757,-1.5378329,-3.3645337,-1.4956806,-1.1022605,0.17301042,-1.5043412,-0.24573527,-0.42387402,2.8367524,-0.71934915,1.3557945
-0.7755553,-1.427316,-1.0923803,-1.6572784,-0.7886201,-0.6662182,-2.5567858,-1.1714082,-0.33162865,1.1784393,-0.013750389,-0.1017859,0.4691338,0.8552982,1.4900167,-3.9173226,1.067123,0.24785805,0.9929068,-0.20476401,1.5863676,-1.0123343,-3.2936356,-0.53457654,-0.8447214,-0.8227598,-3.7410297,-0.38052624,0.3564214,0.8644452,0.2514698,1.2389113
-0.074166715,-1.6103966,-1.1115149,-0.5396999,1.1538118,-1.003561,-2.766981,-0.3367513,-0.5790165,-0.08176386,-1.6571903,-0.13216096,1.0541489,0.6607499,-1.4780068,-3.0485318,0.19744213,2.001929,0.25664157,0.18486884,0.5284529,-1.8468508,-3.4246132,-0.50763595,-0.8579863,-0.3777521,-1.309952,0.16536106,-0.8920487,1.8809991,0.37898022,1.173146
-2.4091942,-1.3548005,-1.9869784,-1.7606207,0.38324952,-0.34572214,-1.7150476,-0.56483984,0.06822667,0.09796728,-2.4171784,-0.72084534,0.687601,0.39850244,1.4280592,-3.9666681,0.02350156,-0.24487099,0.3395598,-0.009250127,1.4345064,0.86157846,-2.7197425,-2.1126373,-1.76733,-2.3376143,-0.06668919,0.33945832,-1.0954295,1.8449614,0.59728426,0.6754185
-0.011424158,-1.4402306,-0.6087812,-0.39307368,-0.21232666,-3.4455416,-0.10383566,-2.4936883,2.4143746,1.5677494,-1.5274802,-0.4146409,0.75405014,1.0697027,-1.2431399,-2.3228667,0.10043767,-0.01796368,1.0574538,-0.33941728,1.7820289,-1.8096589,-1.6667957,-2.0297189,-1.1377636,-0.7359791,-0.8924544,-1.2798432,0.03146204,3.5695403,-0.94945616,-0.3199718
1.6294552,-1.9446089,-2.0285995,-0.38534468,-1.081515,-1.3917633,0.4696408,-1.2786753,1.7898438,0.60266495,-0.08924456,0.8364567,2.485507,0.7204031,-0.8732942,-3.5690193,0.67779934,0.13760379,-0.6354507,-0.054978646,1.2752936,-3.0064971,-1.197003,-0.28172198,-1.4483321,-2.2857575,-3.0269885,-0.58454657,-0.5618068,2.680144,0.032305256,-0.64445674
-2.1753883,-0.74914235,-2.747756,0.23928621,0.0766059,0.258119,0.9456537,-0.00760141,0.64885694,-0.44748664,-0.6769961,0.63648206,2.7623706,0.5216387,1.1519469,-2.4211683,0.6889318,0.3376737,-1.9206042,-0.6197932,0.24289298,-0.7347076,0.31547043,-0.33484992,-1.2392347,-2.9755723,-2.6053696,1.2054608,-0.77160025,1.8341135,1.4863075,-0.6584102
0.18527293,-0.14073,-3.7111118,2.1579597,1.2850431,-2.5119214,1.7297932,-0.3323354,-0.12660193,-1.048773,-3.541307,1.724433,2.1800573,0.87899643,-2.8176408,-2.29584,-0.03980097,1.5182438,-1.4029354,-0.177795,-0.5751712,-2.6100473,0.9752986,0.40347895,-1.3536493,-0.77359354,-0.24937648,2.0702353,-2.0443447,0.34454456,-2.1659124,-1.3120198
-1.9321603,0.23910049,-3.2212794,0.3623905,-0.24754752,-0.7031599,1.1321611,-0.23828912,0.2181148,-1.0857077,-1.8910626,1.2777755,2.615292,2.2171206,-0.5462262,-2.7292268,0.2067548,-0.18693161,-1.9318832,0.33343214,-0.014446199,-1.4450179,0.40616715,0.10081962,-0.72763073,-2.1792042,-1.9570493,1.4341081,-0.65998465,0.24837402,2.0992277,-0.23650712
-3.096745,0.8554349,-2.9364455,1.0253056,1.2840523,0.30875158,1.0553379,0.77792686,-2.0006802,-1.2762146,-1.2382606,0.6763223,1.0636805,-0.47407925,0.45952693,-1.081927,0.63462037,1.0533035,-0.8569005,-1.3717197,-1.6269674,-0.28949946,1.3776642,0.8951924,-0.5414656,-0.4521172,-2.708261,3.3313432,-1.7963014,-1.811919,-0.54802346,-0.7426685
-0.92976147,0.685544,-3.0139446,0.5260842,0.66471887,0.010176927,2.0448167,-0.38990384,-1.2553029,-0.6526417,-1.4031335,0.5098337,1.3630115,0.28211382,0.5300733,-1.892057,-0.26203448,0.3413055,-0.34698486,-0.31668267,-1.2004063,-0.9713336,1.2738318,0.8956182,0.5477949,-0.72822106,-1.5507644,2.0673046,-0.41587326,-1.1140722,0.8549492,-1.9500295
-0.25240117,0.5294102,-3.3444984,1.032358,0.9808495,-1.2280664,2.1415484,-1.1206591,-0.80917275,-0.6937303,-2.1756423,1.2279602,1.4622474,-0.0009227609,-2.0907342,-2.2197144,-0.028863147,1.1732832,-0.38175142,-0.3217761,-1.1310894,-2.7230096,1.2538781,1.4131082,0.35321903,-0.3649879,-1.6954726,2.2635808,-0.8353493,-1.2419543,1.1666728,-2.2986794
-1.1788831,1.943192,-1.5247544,1.8058047,1.7877399,-1.7093635,0.7344536,0.12977648,-1.2133061,-2.377085,-3.8963728,0.68342966,0.45340538,-0.46331808,-1.6551521,-0.15234399,-0.7492373,0.5960471,-1.754341,-0.5657846,-1.2992089,-1.8113605,2.0192788,1.4550809,-0.04959269,0.15784912,0.18783593,2.482,-1.4436883,-2.540483,-1.71927,-0.7151501
-3.140142,-1.2553005,2.3662355,-1.1266198,0.47866422,0.007968307,-2.9029167,-0.33245343,-1.470059,0.6984462,0.16399463,0.030422505,-1.7305863,-3.4511328,0.3483742,-0.35107073,0.4321279,1.2054045,1.2898922,0.028972037,1.2780106,-0.0014606416,-1.2957678,0.44571954,0.72827774,0.33719993,-3.1570191,-0.86275965,2.1259031,0.56482834,-1.6737219,0.39224324
-1.4394374,-0.9242336,3.7532778,-0.39129552,1.5678655,-1.6999516,-1.7363614,-1.7309906,-0.42697316,0.21033193,-0.17035155,-0.6691788,-1.0262079,-3.091338,-0.119265996,-0.33513165,-1.3790158,1.581697,1.3341593,-0.29307666,-0.09529421,-3.455785,-0.96940696,-0.11296907,2.3289275,1.5818899,-2.4612408,-0.31571826,1.0790554,0.64696115,3.343102,0.21158794
0.1269143,-0.2142294,4.39314,0.7031858,2.1205466,-2.3125,-1.9949957,-1.5120947,-1.1042396,-0.34948397,-3.2968318,-0.43212903,-1.4130155,-2.138645,-0.1677531,0.7585826,-0.7013234,1.321034,0.76041365,-1.4015125,-0.787267,-2.387704,-0.43502095,0.13438717,0.34750372,1.8477687,-0.08070521,-0.11097034,0.100184575,0.73464894,-2.1772745,0.6644826
-1.6803057,-1.3975793,1.7417928,-1.3867486,2.947339,-1.3586133,-2.3457367,-1.270395,-1.4830415,-0.58639723,-3.6097393,-1.2436997,-1.4592491,-2.3998127,-0.70332366,-2.364528,-1.1720728,1.2570299,2.1209626,0.74785227,0.36139128,-2.4787374,-1.5564247,-0.21831077,1.4825578,0.8523614,-0.022557199,0.3837535,1.7570895,0.26225615,0.8786724,-0.12595657
1.1410729,-1.0590233,2.0973213,-1.5150117,0.98328567,-1.2957925,-3.0076568,-1.9489772,-0.85074633,-0.28260392,-2.120215,-1.1299793,-1.2553957,-1.8352435,1.6463673,-2.55416,-1.0007437,0.52619356,1.7521983,0.5805699,0.350521,-1.9716762,-2.5679994,0.01774925,1.6892842,0.51881367,-0.20192578,-1.0161817,1.5932605,0.24860954,2.3368194,0.14970681
-1.6618245,-1.3172553,2.4478147,-0.33049852,1.5583082,-1.4768891,-3.0284698,-0.7683623,-0.8264387,0.32740518,-2.2407322,0.21985368,-0.63504785,-0.9427117,-0.4683704,-0.95500904,-0.15768488,0.9737081,0.7863406,-0.4288566,0.73187745,-1.0888364,-1.8800738,-0.53689504,0.055538133,0.74263686,-0.7726975,-0.44639406,0.957749,1.7235085,-2.885221,1.3972026
-1.0495741,-0.4904498,3.4895844,0.64136314,1.2582272,-1.1129093,-1.8242218,-1.6496592,-0.1831865,0.3141955,-1.8879702,-1.0444144,-0.14485946,-0.9797554,1.0731802,-0.022537924,-1.0605279,1.174624,0.5735926,-1.6638293,-0.25136274,-1.232767,-1.4779395,-1.2679904,-0.14381744,1.3763412,-0.21683869,0.18810497,-0.5958111,1.985309,0.14050056,1.517533
-2.9192808,-0.9420803,1.601601,-0.24953195,0.64216536,0.71611464,-3.7847133,0.0020649582,-1.7520881,0.012226772,-0.04604821,-0.34014615,-0.76425457,-1.2672162,0.7785691,-1.1845673,0.14623198,0.7863603,0.3455103,-0.23029035,0.9696595,0.048475802,-2.6931045,-0.3104115,0.37894362,0.16173367,-2.0106559,0.13861795,0.439935,0.9187834,0.56622434,2.1495454
0.95762753,0.4665168,2.0285854,2.4605052,1.2598479,-0.7529324,-2.044823,-0.783392,-1.2493883,-0.77133244,-1.3583481,-0.14665213,0.7439986,0.8607708,1.6007913,-0.54783803,0.13175075,0.7134524,-0.33188385,-1.0508529,-0.43321007,-1.5115277,-1.77746,0.12260607,0.40980935,1.7358845,-0.52826095,0.8049626,-1.2871922,0.62546885,-0.14943466,2.0931118
-0.95025253,-0.2563829,2.344941,1.4729359,1.1611421,-1.2740486,-3.1803293,-0.28217846,-1.0630364,-0.24525858,-0.65459216,-0.33273184,1.0957245,-0.5845441,-0.3675317,-0.5728801,0.44307232,2.167972,-1.2463307,-2.0270634,-0.43433708,-2.5934334,-2.4959984,-0.60883856,-0.7584253,0.7944223,-3.0786357,1.0180483,-2.5603583,1.512284,1.3931206,3.0015795
-0.4982067,0.08824546,3.3382835,1.409731,1.5513366,-0.17053941,-1.8104832,-0.6170562,-1.1891818,-0.93558127,-1.5792005,-0.05082092,0.1902827,-0.5778961,1.142796,0.45101434,-0.119111344,0.7419314,-0.18164721,-1.7869607,-0.45098227,-1.5755795,-0.69462067,-0.011561304,-0.094680265,1.3633426,-1.251953,0.59436005,-0.42005512,0.6941265,-0.35536247,1.9873673
-1.5614773,0.21215168,2.4112241,1.7126985,1.8816837,-2.7667847,-2.084037,-0.6335687,-0.3171712,0.02618758,-1.440192,-0.06683999,-0.48020834,1.6152256,-2.0587027,0.26498798,-0.34993637,0.96436894,1.2411767,-1.0181656,-0.29240885,-2.6658623,-1.2771432,0.3478044,-0.5874086,2.9803264,-1.2055478,0.99306864,-1.1128818,0.22256961,-1.0846028,2.3029342
-1.654627,0.9471587,-1.6895537,-0.9765638,2.4674165,-1.984601,-0.20433696,-1.6578922,-0.6943464,0.11985497,-4.7627525,-1.9766477,-0.3139267,-1.5427063,-0.19109465,-2.5806339,-0.44655168,0.9354022,1.5179054,-1.2591178,-1.1355512,-1.379784,-0.8815699,-0.7392018,-1.1898435,-0.06880602,-0.010837302,3.120669,-2.9494264,-0.38291875,0.57966894,-1.177979
-0.9974309,-0.25974792,4.0560493,1.2142462,1.8591481,-2.2175071,-1.3379881,-1.526962,-0.19327897,0.059219446,-0.75659335,-0.53440917,-0.093761615,-1.9696424,-0.9280043,0.3876987,-0.62250173,1.6474415,0.3567108,-2.3789654,-1.0416524,-3.798131,-0.408343,-0.29528612,0.18956938,1.7172341,-2.5062232,1.069549,-1.1587105,1.0476433,1.7000197,1.1473534
-1.7826232,-0.14661324,2.9543447,1.5214807,0.51915216,-1.7104956,-2.9621255,-1.1702691,-0.5303772,1.1878332,-1.3876022,-0.55863893,0.5637326,-0.8607819,1.2443904,0.07390591,-0.31297797,1.8692563,-0.4105357,-2.6797836,0.009218559,-1.7162069,-1.969923,-1.2738363,-0.9588662,1.1799452,-2.932078,0.89871275,-1.3053602,1.9460688,-1.8500134,2.7891777
-2.3110542,-0.09291566,1.7193137,-0.17737815,0.70894414,-0.9311681,-3.979081,-0.80009276,-1.1547898,0.64693266,-2.4053898,-1.0873345,-0.63002944,-1.0124292,1.9990584,-1.2895116,-1.7053691,0.7798308,-0.0830047,-0.9972425,0.6770891,0.1503854,-2.9319708,-2.036798,0.21063833,0.7655505,-1.0710454,0.6615332,-0.7018039,0.5696134,-0.3215074,3.0096014
1.9394304,-0.16691607,2.0612872,0.20124736,0.92590094,-2.1057105,-2.9505627,-2.1195662,-0.099610664,-0.62971807,-2.0276403,-0.04689795,0.12460899,0.7843443,-0.88284063,-2.308407,-0.5305053,-0.11975777,0.112322286,0.0066725686,0.5634503,-3.3053656,-2.8285758,0.08028573,0.9534434,1.3733432,-0.14312881,-0.3013316,-1.2794987,0.1618852,0.5167784,1.7266703
-1.9279886,0.44026983,-1.850426,0.38279888,2.3553393,0.80771863,-1.7377301,0.86065024,-2.8222954,-0.2130186,-2.289156,-0.947508,-0.011297254,-1.4973488,1.6472276,-0.57472503,-0.5845035,1.917208,0.3144263,-1.2619084,-1.0854654,0.9332684,-1.3127521,-0.046747237,-0.7513299,0.03427283,-0.6344973,2.8710527,-2.2296197,0.21081343,0.42053795,0.4967828
-0.7408714,1.58827,-1.240939,1.4398482,2.966285,-1.2955048,-0.38688552,0.76233715,-2.9921508,-2.2186139,-2.4316585,-0.52321225,-0.29924753,-2.456155,-1.9005948,-0.16678706,0.1569789,1.941006,-1.4470676,-1.6947616,-2.7942271,-3.125907,0.7080844,1.2531515,-0.19118018,1.0507276,-2.509119,3.879147,-3.4634697,-2.6794784,0.88052577,0.18352857
0.5937226,-0.9925594,-0.25235015,-0.90477693,-0.7748159,-1.4490793,-1.2968476,-2.2245922,0.5493833,1.5544937,-0.4245848,0.45706573,0.10101506,2.2393768,-0.397271,-3.22699,0.4757272,-0.35764527,1.65313,0.6362691,1.5319176,-2.5477874,-2.641917,-0.3222275,0.9036085,1.1531113,-2.0284567,-1.2820201,1.2384948,0.60297495,0.71406066,0.1856184
-1.0366477,-2.035552,2.566521,-0.53323376,2.0700798,-2.8026226,-0.059753045,-2.8063002,2.2844584,0.6578923,-2.858932,-0.8195572,-0.20774755,-3.1877427,0.5004,-1.725375,-1.5290946,0.8751932,0.16332512,-1.3493003,0.2316472,-2.9211886,0.090200506,-2.010547,-1.2650156,-1.2717475,-0.1803317,0.52922565,-1.4664427,3.4267604,2.005757,-0.3101541
-0.728872,1.0859169,-0.11639119,2.1193817,1.0250313,-0.30433166,2.0088356,-0.45025566,-0.20290753,-0.6620765,-2.665586,1.403508,0.5882429,-0.6951343,0.057352927,1.2451268,0.13546087,-0.074600205,-2.3710985,-0.9519319,-0.81889206,-1.2326854,3.351105,1.6274241,0.47530115,-0.7938454,0.021472871,1.4777423,0.43551078,-0.5372477,-1.6482314,-1.6717275
-1.2484322,0.067628466,-1.2298397,0.5719243,0.37835956,0.88921994,2.5448682,0.102849334,0.26240513,-1.2940718,-0.74129766,2.3783329,0.09590933,0.27844903,-1.6124965,-0.009715475,-0.04891832,-0.23723003,-1.4709903,0.4020184,-0.37699994,-2.3408697,2.9946527,2.235614,0.5669334,-0.7512776,-1.7160031,1.0700887,0.88318074,-1.9982743,2.3104756,-1.311131
-1.0368642,0.9499705,0.21866435,2.3623536,0.78781754,0.17048642,1.9584166,-0.06515795,-0.2391943,-0.6069754,-1.1399596,1.8540398,0.88156325,-0.3985106,-1.6009364,1.7993429,1.4919435,0.29801914,-2.3904576,-1.7620218,-1.1939836,-2.5038931,3.2158449,2.3177664,-0.13019462,-0.3358804,-2.3083148,1.8782812,-0.15614507,-0.4684976,-1.1196164,-1.066697
-0.01027089,0.5187793,-0.8657437,0.8448765,-1.3680917,0.056242883,2.1065204,-0.82973945,0.17450565,-0.31342304,-0.1814652,1.9072505,0.2620379,0.9203617,0.26117542,-0.39500892,0.9585265,-0.9055273,-0.9919044,0.052599616,-0.17974493,-1.2978876,2.3058608,1.6131817,0.77502495,-0.25617248,-2.276352,-0.3695045,1.6623145,-1.4377123,-1.8753648,-1.6966429
-3.161894,2.6589136,-1.7238344,1.2328736,0.31763542,-0.9703652,2.5188563,-0.52914864,0.4382937,-1.5958282,-5.028212,1.9329671,-0.9077574,0.9306525,-1.1832137,0.36660856,-1.7704122,-2.052735,-1.4198993,0.75433236,-0.021692574,-1.4917883,3.7730007,1.2990218,0.9211795,-0.20627616,1.772356,1.4900012,0.7807223,-3.3421018,-0.29203618,-1.4887381
-1.8830231,1.8030722,-0.7690242,0.38958016,1.3984783,-0.3265491,-2.7286203,0.047627866,-2.4463918,0.55146563,-2.2413728,-1.5403346,-0.26190782,2.2203748,1.5408086,-0.8092246,-0.5597058,0.55374587,1.6859199,-0.8275053,-0.12482658,-0.33364603,-2.7353017,-0.10322639,-0.6418349,2.3277652,-1.0923849,2.1202192,-1.6439885,-0.4929684,-0.20702367,2.3591526
0.41205522,1.0820683,-0.0078853,0.9639033,1.0164554,-1.5591776,-1.6794962,-0.99730384,-1.0860524,0.27144235,-1.4834635,-0.63154894,0.17550594,2.3101933,-0.3817831,-1.1652834,-0.15247911,0.06412497,1.5750293,-0.6430409,0.28705895,-1.8081459,-2.3128245,-0.032058805,0.0436247,2.5549643,-0.4479179,1.0348107,-1.358739,-0.27059904,0.39312232,1.5862106
-1.7248143,1.9328125,-1.6759595,0.45963237,0.8526063,-1.1114367,-1.4726905,0.3311627,-1.6334344,0.72226125,-0.547068,-0.33655965,-0.7787336,3.4884155,-1.3880274,-0.24190807,2.1114764,0.38079053,1.4419996,-0.7959698,0.062489346,-0.6318699,-1.7124443,0.64090884,-1.7166127,2.2386901,-2.9798617,1.8378469,-2.060325,-0.998327,-0.81551194,2.0163708
-1.6029917,-1.6370285,2.331033,-0.6543319,1.3727012,-3.297365,-0.25060862,-3.0661812,2.4860373,2.0304334,-1.9933413,-1.2478789,-0.6179841,-2.5598161,-0.9334447,-1.1389543,0.31041527,0.6806486,0.8506322,-1.607813,0.47937387,-2.8298132,-0.14504662,-1.9992074,-1.0239211,-0.7040717,-1.9652017,-0.18922508,-0.64198935,3.8427026,0.40152603,-0.68700016
-0.46306106,-2.2566338,0.9672649,-1.2658101,0.61604697,-1.9087138,-1.1698693,-1.9455738,1.5334579,0.9484974,-1.7723818,-0.10609006,0.36103877,-0.54737437,-1.1625779,-2.3012443,0.6383196,0.6472395,1.1433022,-0.33914682,1.7432234,-1.899959,-1.827155,-1.5414497,-1.4343369,-1.2977461,-0.7234217,-1.0696838,-0.04351284,3.6930146,0.9547599,-0.07112554
0.3999366,-2.373643,1.4367849,-1.9988486,0.1291141,-1.7341754,-1.5159323,-1.7687924,2.265201,-0.35905057,-2.204702,0.8196434,-0.15761381,0.19861053,-1.6955358,-3.008615,0.9431311,-1.0713221,-0.18947877,1.3613452,2.1130774,-2.467719,-1.4319946,-0.6493616,-0.10980116,-1.6605122,-0.66861385,-2.0407972,1.0730368,2.3215008,-0.24782623,0.3028308
0.7012522,-0.7199903,1.063879,1.0032265,0.83607024,-1.3950584,-2.1087868,-1.7237806,0.055220358,0.73306394,-1.8294327,-0.5283655,1.3450545,1.5942,1.3426677,-1.404316,-1.1974448,1.821462,0.7600734,-0.88442975,0.28191966,-1.8432833,-2.9106834,-1.1497272,0.044629946,1.2514453,-0.034173816,-0.1461996,-0.63296795,2.5773609,1.528796,1.5998768
-1.1466626,-0.5245157,-0.5355051,0.60440016,0.039362922,-2.1960452,-1.232261,-1.7314887,0.6577808,2.6231878,-0.7920216,-0.38265228,0.7350665,2.21898,-1.3303949,-0.87798005,0.9743223,2.0103326,1.8958985,-1.2364961,1.0626366,-2.2914019,-2.4463336,-1.3011457,-1.5216509,1.4466689,-2.996623,-0.48829043,0.04438531,4.0066814,-0.4153878,0.85008645
0.16751084,-0.4943462,-0.9106384,0.45939675,-0.09076242,-2.31653,0.23695211,-2.380187,2.1399,2.2485678,-1.0536299,-0.97067785,1.4121586,1.1252402,-0.32718447,-1.2824069,0.3911584,0.84340525,1.2544541,-1.5152451,1.1275187,-1.7447737,-1.2369779,-1.8079029,-1.6261163,-0.102115154,-1.4782463,-0.45626557,-0.26036635,4.3108597,-0.7376789,-0.60482824
-0.55144393,0.032497488,0.29991972,-0.77413917,-0.80670106,-1.9354084,-0.7477544,-3.1103864,1.08632,0.7371244,-2.5691397,0.46064854,0.16303203,3.1169116,0.23735698,-2.05359,0.008431271,-1.3873379,1.3003806,0.7682119,1.4636879,-1.5901439,-1.264197,-1.1658732,1.0725846,0.54301107,-0.059171498,-1.9662238,2.3781874,1.3239884,-1.1097575,-0.09271997
-1.80396,-0.7694724,1.2811391,-1.3772913,-2.1056664,-0.11388391,-0.8641445,-2.4639697,2.3095372,1.1056637,0.048856393,1.2847621,-0.07232885,2.9435332,-0.9342126,-1.1908798,2.6208842,-1.7204554,0.16753961,0.1786449,1.7159736,-1.5844227,-0.9719853,-0.86695564,-0.36385578,-1.1158466,-3.4998307,-2.5789285,2.9710977,3.1542325,0.455249,0.68506825
-2.020699,-0.77836245,1.8787783,-1.0225154,0.03138745,-2.700504,-0.38921392,-3.2057686,2.7555225,0.18457879,-3.6248765,0.3284431,0.61703014,1.6101314,-0.41550347,-1.2617028,-1.607171,-1.6698899,0.19429965,0.98977953,2.4479005,-1.8433886,0.071552955,-2.0776963,2.1042743,-0.8176266,1.2832513,-2.9949055,4.1159253,2.9871619,-1.5548009,-0.5200074
0.4968612,-1.2438436,1.7189605,-0.0010754019,-1.5429077,-1.8315787,-1.3958386,-2.608419,2.1473382,1.1603571,-0.64059156,1.3103933,0.53274107,2.682698,-1.4428947,-1.0058488,1.9589623,-0.5204541,0.27608788,0.11289736,1.6644816,-2.6747465,-1.5546567,-0.8352606,-0.1590776,0.3773007,-2.7784057,-3.2904227,2.7397792,3.8078446,-3.5070567,0.66375804
-1.426826,-1.7514849,2.1699362,-1.6611551,-0.15123282,-1.0048037,-0.67963195,-2.919403,3.033261,0.06569515,-1.433304,0.6622085,0.45605108,0.9610604,1.2155944,-2.1582289,0.033498444,-1.4902396,-0.32533687,0.12718508,1.9010942,-2.3254664,-0.5102569,-1.8864692,1.0730149,-1.725824,-1.267871,-2.336543,2.6051612,3.159621,3.0693765,0.35646585
-2.6392124,-2.4952586,1.1521173,-0.98543835,0.6937645,-1.5101756,-1.6657013,-1.4133878,1.0359083,1.2714282,-0.33127195,0.09651238,0.7657007,-0.160627,-0.8474803,-1.7371893,0.30276263,0.85731393,0.9401109,-0.5790897,2.0714757,-1.7179719,-1.6307958,-1.4474168,-1.1268215,-0.9600122,-2.3011317,-1.0435404,0.8960773,3.8362217,0.92772037,0.6941266
-1.4297965,-2.0638375,1.454349,-1.2652193,-0.57507396,-1.09477,-2.0642917,-1.8847442,1.4335972,0.8240762,-1.1915104,0.5160478,0.2367427,-0.017120294,-0.22505644,-2.5421464,0.43729025,-0.39429435,0.04097303,0.5032529,2.3739154,-1.2263858,-1.9909787,-1.2962557,0.051505372,-1.0124543,-1.8896483,-2.1764016,1.6747268,2.7434907,-2.3084102,0.8662704
1.516438,-2.5857995,1.5346129,-0.5563103,0.16701353,-1.9697583,-1.199363,-2.2666535,1.570005,0.7251982,-1.2851807,-0.4745317,0.66995955,-0.6505827,1.4920617,-2.7935936,-0.29680347,0.5958733,0.8146032,-0.4041793,1.2207046,-2.093442,-2.1202073,-1.500217,-0.99318045,-0.98020494,-0.80308855,-1.610554,0.25381687,3.5717542,0.092675924,0.13055792
1.4515291,0.2870971,-2.8048322,0.75743234,-0.5390306,-0.14601588,2.4876795,-1.5145464,-0.4368019,-0.063469484,-2.098897,1.9421765,1.1227108,1.0842621,-0.45221046,-2.1721807,-0.0042400807,-0.18763801,-0.51689583,0.15724182,-0.5578713,-2.014439,1.6857601,1.6193465,1.1017741,-0.53794086,-1.1285149,0.78559506,1.047101,-1.1869632,-0.25398523,-2.62022
-1.9083104,1.4201533,-2.3950698,-1.087312,-1.0334374,0.35874286,0.76110107,-1.1329403,-0.9673979,-1.0567747,-2.4906754,0.7531649,0.19357562,0.3689467,2.0955803,-2.607108,-0.7098837,-1.7691665,-0.6705954,0.23369905,-0.3257562,0.6817615,0.75334334,0.6379671,0.7438294,-1.6020374,0.006073147,1.077902,0.29430026,-2.927701,0.45731336,-1.3318818
-2.3542407,0.3464008,-2.789963,-0.17884162,0.4666959,-0.04486765,1.3999257,-0.84503025,-1.1397461,0.16455148,-3.1903086,0.743057,-0.28687987,0.53839755,-0.07496532,-2.4211128,-0.17838456,-0.30916598,1.4973254,0.6673767,0.55595565,-1.6969153,0.70107764,1.212412,0.41195148,-0.13611697,-0.613175,0.9208232,1.3271086,-1.390645,0.18245988,-2.4695923
1.2172306,-0.0666093,-0.7010663,-0.9005494,-0.6168112,-0.42216104,-0.34441227,-2.2925408,-1.5882112,-0.6330599,-2.074438,0.7370936,-0.1418989,-1.5230985,-1.2486324,-4.3410625,-1.131805,0.19769973,0.4050964,1.0156544,-0.33409426,-3.772552,-0.88313687,1.8705038,3.0053515,0.3345238,-2.2729497,0.33783802,1.5662627,-3.3876667,1.3445905,-2.0711095
1.5993935,-1.0125185,-0.9981368,0.048154116,0.10937154,-1.883139,0.09055586,-2.1376848,-1.4477212,0.85414,-1.6579968,0.29925305,-0.2772583,-1.4634563,0.17192404,-3.7080595,-0.45853436,0.99995285,0.99896777,1.0656276,-0.6483318,-2.3957977,-0.98778033,0.75580394,2.5238204,0.15084778,-0.59127015,0.16005997,1.200466,-0.91140485,1.927739,-2.552595
-0.2733899,-1.3421879,-2.4083984,-0.60351515,-0.26827586,0.34511063,0.12195337,-1.5679667,-0.10263396,0.985743,-0.22791015,1.0745662,0.5765536,-0.8596044,-0.68479365,-3.3535926,1.6215656,0.818898,0.57142824,-0.26573688,0.39311948,-1.3003556,-0.7828478,1.2555902,-0.1809357,-1.5863454,-3.4756608,0.12519641,0.5978089,0.55985874,0.27644002,-2.1691828
-2.8282537,-0.9485387,-2.4242237,-1.2274264,0.8440627,-0.64946455,-0.7101391,-0.7334308,-1.286594,0.68430454,-2.1527617,-0.3422574,-0.19244601,-2.6528904,1.7037307,-3.1651783,-0.17397277,1.0899602,1.1529641,-0.037363462,0.36576426,0.69650817,-0.60260135,0.036653023,-0.5558373,-1.5038358,-1.2864972,0.8245352,0.82545936,0.21827176,-3.1451817,-2.190369
-0.047424708,-0.41361737,-0.68198764,-0.7093092,0.23362152,-0.5452121,-0.6205417,-0.77124006,-1.8767892,-0.41963562,-1.9091085,0.66965866,-1.048239,-1.707473,0.45307368,-2.3406596,-0.8316088,0.7883736,0.87491703,1.5190128,-0.23699015,-0.30961007,-0.503118,1.1568152,2.0985157,0.1741492,-0.06634209,-0.4607621,2.0401762,-1.4728599,-1.3438295,-2.0314739
-1.75527,-0.22106779,-1.6831754,-1.3428875,-0.3403802,1.2647893,-1.7855557,-0.7659632,-3.2665596,0.03837758,-1.2627683,0.050451037,-1.1559508,-2.9053125,3.1199048,-3.4509037,-0.97868145,1.1472442,0.3053615,1.1221828,-0.21355626,0.37597054,-1.7296468,0.9575319,2.3823507,-0.5677844,-2.6682596,0.48766112,1.5113714,-2.5786297,0.40666586,-1.285021
-3.08491,0.52295387,-2.1108055,0.21965727,1.6460801,-3.7442482,-0.58449143,-0.53051203,-2.0469513,-0.40761608,-4.1541147,0.32622653,-1.4710978,-3.595344,-1.5389863,-2.123585,-1.6205972,1.607964,0.23815624,-0.07185661,-0.49356657,0.21319944,0.121668644,-1.1005518,0.2767046,0.112866,1.0365056,2.1550348,-1.0982375,-1.4088585,-1.5665561,-1.4966995
2.5046313,-1.6371723,-0.8712356,-1.6078092,0.6570738,-0.8469276,-1.4184293,-1.3605568,-0.9098711,-1.0644284,-1.5929317,0.20807546,0.008689286,-2.82263,-0.11107161,-4.3174787,-0.6895316,1.2547855,-0.33178455,0.6085823,-0.7456618,-3.9216428,-1.8097004,0.9502759,1.0554998,-0.7962831,-2.040153,0.5164715,-0.94832814,-1.2753273,2.6605709,-0.93510544
-1.6883714,1.9060075,1.7292297,2.4931152,-0.09559275,-4.7685957,-1.0440187,-2.3740711,1.2848085,1.816652,-3.8131826,0.7855556,-0.7439029,2.4723885,-1.9716415,1.0503759,0.3156755,-1.9304702,0.08228131,-2.099325,1.5644119,-1.5320277,0.5027458,-0.9696381,-1.2532653,2.0741827,-0.08437908,0.3484681,-0.74945676,0.47230405,-6.2526984,1.6984798
-2.7153513,-0.9809248,2.5053604,1.6019888,1.4215344,0.18540138,-0.3777418,-0.3633866,-0.92859435,0.13130389,-0.34310973,0.26047415,-0.21789482,-3.8550575,1.0989394,0.7213271,0.0773883,3.1239603,-1.5459712,-1.7970241,-1.5647249,-1.8530151,0.9858996,0.8375453,-0.03378196,-0.10125123,-3.784792,1.1112098,-0.31523594,1.1390213,0.04562418,-0.32188076
-0.34737632,-0.15871257,2.1895962,2.400302,1.7143167,-2.1577108,-0.07786349,-0.89684266,-0.39166287,-0.81892973,-3.0182652,0.56238925,0.018145533,-3.4930952,0.30303234,0.6979154,-1.1849232,1.6401412,-2.661787,-1.7335688,-1.1716022,-1.6488982,1.572309,-0.20145288,0.2921083,-0.20040482,0.17066962,1.3689383,-1.7525486,0.5230586,-1.1985987,-0.17296283
-0.7646717,-0.4330386,2.0009649,2.1020243,2.803441,-1.5257975,-0.6012463,0.031285048,-1.1062094,-1.0189162,-2.4192097,0.3960493,0.4137872,-2.615729,-1.2985481,1.1524695,-0.40895993,2.5955698,-2.2145905,-2.221354,-1.8152363,-2.7548983,0.9718985,0.8179946,-0.7787977,0.23945294,-1.0684936,2.308907,-2.33492,0.7074083,0.16306509,0.50269854
-1.3815693,0.114697866,2.5282845,0.7080437,1.9152545,-0.006761417,0.6607517,-1.359976,-0.51754904,-0.6168186,-1.5022252,-0.4680748,-1.0310844,-4.4560485,0.5864286,0.7342668,-1.1979818,1.5370672,-1.0386661,-1.1710347,-1.6838632,-2.066194,1.9172256,0.78696334,1.736799,0.028003778,-1.1930792,1.6132523,-0.1370067,-0.08514155,2.5430107,-1.4558164
-0.557401,-1.4814354,-0.284137,-0.3456527,1.1731575,-0.7176353,0.96914715,-1.1885989,0.354497,-0.15873513,-1.5295439,0.2837025,-0.13493402,-3.2399983,0.40476933,-1.1886889,0.7970764,1.4749125,-0.65413296,-0.14401925,-0.56042486,-0.37913334,1.098038,0.21402383,-0.77703637,-2.2629516,-1.0242673,-0.21516418,0.4662651,2.0292006,-1.7305669,-2.6461635
-2.1177258,-1.166923,0.4771232,-0.16488735,1.1032223,-0.97350866,1.7140543,-1.3765588,0.7482083,0.36856824,-0.449785,-0.7461816,-0.23451948,-3.6393836,1.3537847,-0.44793007,-0.2019463,1.0466362,0.16373304,-0.8583723,-0.609384,-1.5261809,2.1600752,0.76991737,0.47375947,-1.7543869,-2.2631688,0.3449605,1.2445873,1.1844857,1.76678,-3.0100977
-0.18901165,-1.961791,1.8841726,0.82061434,2.7695923,-1.9428929,0.9039785,-1.074476,0.14110708,-0.76650614,-1.8369589,0.2462334,-0.038784444,-3.8655145,-1.3285528,-0.10671241,-1.1614865,2.579485,-0.37895918,-0.6624252,-1.4018602,-3.051279,1.6864953,0.641286,0.9731692,-0.39045602,0.022686958,0.58217376,0.74277425,1.4734205,1.6664182,-2.0692937
-1.5673381,0.7345937,1.5809726,0.21544059,1.9245324,-1.2764,2.577607,-1.5866053,1.2083638,-0.805003,-3.582972,0.5326151,-1.8677936,-1.9952878,-1.3257645,1.3928492,-0.9762033,-0.4965402,0.08654417,0.10250918,-0.744548,-2.16826,4.285047,2.128894,0.17226242,-0.6071529,1.3662441,0.6508573,1.6137403,-0.5459676,0.28599727,-2.9644167
-1.5341631,0.34096196,1.9120263,0.45856693,0.61145157,-1.3260747,1.3504455,-1.469403,0.32471243,-5.736947e-05,-1.7349061,0.695576,-1.7700299,-3.2187545,-0.6247403,0.8825454,0.55430824,0.2260223,-0.89592624,-1.0117519,-1.0513086,-1.7809472,2.9564807,1.658095,-0.15794481,-0.5375483,-1.8625197,0.5214749,0.68343997,-0.70608616,-2.3846776,-2.1459758
-0.94338346,0.80485904,1.5223497,1.4074117,1.5004855,-0.30704916,1.9045385,-0.6564243,-0.37275982,-0.4449702,-1.8368087,1.2040902,-1.4676704,-1.1115358,-0.4018103,1.6129065,0.21263485,0.24622393,-0.7838242,-0.30120665,-1.2417641,-1.4892553,3.2006533,2.2306242,0.71482235,0.300303,-0.7915018,1.0765433,0.97967374,-1.3521895,-0.8971971,-1.4141779
-2.0340889,0.84873825,1.6800835,1.2136284,1.4092759,0.8742189,1.9193081,-0.38068622,-0.07346269,-0.757198,-1.5541966,0.8937763,-1.1148244,-1.4538808,-0.052148696,1.934582,0.139661,-0.09382273,-0.9959222,-0.96831036,-1.239749,-1.7135853,3.6231663,2.3688922,0.3265407,0.15694535,-1.13921,1.5781444,0.62720394,-1.28442,-0.070857584,-1.364884
-0.80848503,-0.20154238,-1.5806674,-1.3689452,-0.02488099,-0.42719138,0.99771136,-2.7587261,2.134626,1.8647126,-1.5610021,-1.538637,0.6914665,-0.2619496,1.7256886,-1.9439698,0.7118175,0.13408661,1.4816233,-1.3736444,0.36385667,-1.3605446,-0.53199065,-1.174792,-1.4103972,-1.3806543,-2.668993,-0.16825299,-0.09787601,3.721344,0.8553216,-2.2025535
-1.8771888,-2.067348,-0.76372075,0.4105552,1.8390673,-2.4895053,2.071551,-1.4043553,1.3178257,-0.14905758,-1.9885883,0.8614682,0.92106175,-2.8461218,-2.6708462,-1.4044279,-0.36860132,2.0356295,-0.7136261,-0.19889095,-0.27036583,-2.4404233,1.8218014,0.186854,-0.42666507,-2.0674088,-0.34202325,0.60336536,0.004904177,2.1688998,0.9177206,-3.0444243
-0.5860244,-0.8135793,2.5140846,0.8266125,1.9541367,-1.6852299,0.77100545,-1.5025749,-0.13815644,-0.430896,-2.7645955,0.50471103,-1.4498411,-3.905556,0.66846174,0.31480148,-2.3928351,1.5233446,-0.777014,-0.03522186,-1.1824453,-1.4896603,1.8759235,0.046846762,1.215938,0.11228013,1.0780715,0.23027638,0.6384026,0.51243424,-0.39455396,-1.5275301
-1.0463277,-0.11680857,2.0097756,0.1385257,1.7029988,-0.99638915,0.9618361,-1.5068312,-0.37516046,0.3039096,-1.8964666,-0.0484525,-2.0761192,-4.0629716,-0.25525767,0.72618145,-0.29654217,1.2818742,-0.10594438,-0.55815274,-1.5150223,-1.9278061,2.0702803,1.192896,1.0654591,0.028455805,-1.4688085,0.88757765,0.89625865,0.07280214,0.44587988,-2.0463228
0.69417894,-0.7373607,-1.2448257,1.529318,1.7397257,-0.9332335,2.2362096,-1.1707418,-0.06918947,-0.7674027,-2.232502,0.53067803,1.2685592,-1.5409193,0.48521033,-1.1479008,0.17967404,1.9097683,-1.0906051,-0.48902315,-1.2702498,-1.3222966,1.8727775,0.6066576,0.05773796,-1.3573227,-0.4103217,1.0797253,-0.19138527,1.5517395,-1.0594275,-2.6187308
-2.8372345,2.2593865,-3.2854524,0.5894406,3.3255532,-0.30401465,-0.40133217,0.8769571,-2.2003314,-0.588986,-4.192235,-1.1602628,-0.75043887,2.8678055,-0.52379435,-0.1651403,-0.17655191,1.3189746,2.2788773,-0.7026547,-1.1486065,-1.0529068,-0.37279066,0.7483914,-1.6601121,2.3382657,-0.68665224,3.348948,-1.6830902,-1.1311145,-0.7835607,0.59324753
-1.7763089,1.4463849,-2.325297,0.55909276,1.2475204,-0.8590419,0.5226577,0.13985574,-1.8759898,0.03171805,-0.66886866,-0.04421455,-0.38818288,2.552036,-0.5471561,-0.5314914,0.118689194,1.0091178,1.9313381,-0.25945207,-1.1563303,-1.7802234,-0.18929625,1.1319762,0.0020842701,2.4520237,-2.5924296,2.1431062,-0.79233074,-1.9633372,1.53188,0.22005603
-1.935679,2.4926662,1.3596593,-2.4634879,0.004037231,-2.3652134,-0.32288408,-3.0680702,0.4989115,-0.16557284,-3.6934347,-1.1767892,-3.2585695,0.7200521,0.0107802795,-0.9583324,-0.68602514,-2.7980568,2.0462132,0.4289629,-0.033472493,-1.1447287,-0.19107905,-1.4998461,1.5677861,1.5520548,-0.06398371,-0.20365557,0.82699853,-1.7803658,2.202696,0.23550928
-0.011173192,2.5152068,1.1966021,-1.4431604,-0.17329244,0.656492,-0.67680395,-1.723911,0.099394344,0.1771809,-3.1479735,-0.20554101,-2.4816802,2.8791916,1.4693989,0.4901955,-0.011362031,-2.9603736,1.2415702,-0.027267732,0.5713774,-1.4908795,0.0166974,0.4522691,0.91794384,1.5255063,-0.5170054,-0.10367861,1.527825,-1.7318027,0.8724838,1.1864625
-0.78261876,2.5351593,-0.4119835,-0.17432302,-0.44413882,-1.4388069,-1.0238858,-0.7916616,-1.229031,1.2792047,-0.34750563,-0.28824377,-2.5464635,0.6362183,-0.97183806,0.19418254,0.6942725,-0.5038678,2.1522107,-0.7778968,0.10399775,-0.81823814,-0.7121071,0.922161,0.0569074,3.0714505,-3.1549096,0.70786875,-0.5877124,-2.7664187,-1.8401965,0.35710248
-1.875112,-2.0556202,3.3432257,-0.4038758,1.2459314,-1.2247326,-0.38450056,-1.906601,2.1640277,1.427827,-1.1182721,-0.5702326,-0.26235035,-1.7470357,1.072984,0.05764789,1.2430352,0.8308825,0.24625877,-2.7941654,-0.32078928,-2.4125037,0.6132901,-1.0226532,-2.4831805,-1.2478321,-3.422009,-0.068702586,-0.17161366,4.108098,-0.91723627,0.13320997
0.8928108,1.2935132,-2.3748338,-1.7296813,-1.1525463,0.7417221,0.9219473,-2.7613585,-0.02831275,1.1138548,-2.5204072,-0.5419719,-0.5234694,1.0942992,2.038213,-3.0777438,-0.0030391663,-1.6235243,2.2208607,-0.21591759,0.3506813,-1.7564892,-0.22511858,0.49583417,1.0781753,0.13069715,-2.3722253,0.41968325,1.3679683,-1.6569724,1.7296339,-1.8887049
-1.1360856,1.3592927,-1.1469238,-1.7364863,-1.7418692,-1.1830542,0.16424376,-2.2669697,-0.03737486,1.0709432,-1.5088238,-0.17915043,-1.6074468,1.2312922,0.42666256,-2.1474996,0.8088776,-1.5498588,2.2185483,0.5880808,0.7390433,-0.49949864,-0.692443,0.1975597,0.0005187243,0.4640428,-1.7641217,-0.9872114,1.5888742,-1.141939,-1.6520369,-1.4402655
-2.0078685,0.15090594,-2.210922,0.3171887,0.035399646,-3.0607572,0.59785235,-1.6732509,1.4445101,-0.59583026,-3.3759513,0.56163776,2.0684798,1.5964334,-1.301318,-2.298042,-1.720552,-0.7123525,-1.6144081,-0.14675725,0.7339488,-1.138718,0.4072807,-1.7555672,-0.66059834,-2.034815,0.9829967,0.90311384,-0.62360543,1.4496176,-0.5390409,-0.18718758
0.8101533,1.2006016,2.6117427,1.993732,2.2443004,-3.9462943,-1.7437607,-1.945513,-0.76462185,-1.089408,-2.2624993,-0.74909794,-0.38146016,-1.1127837,-2.2281044,-1.1751015,0.04159531,0.7447997,-1.3900946,-2.753376,-1.8419275,-4.237504,-0.4813693,-0.5260365,-0.11958556,1.8543181,-1.8821388,2.958695,-3.9618008,-1.518769,-0.3175915,2.2845964
0.038926717,0.91792434,-0.9924584,-1.0019684,0.28822672,0.4869091,-0.18590806,-2.069912,-0.4332233,2.3365827,-1.1563598,-1.1646992,-1.4076992,0.8169941,1.9566978,-0.82662284,0.27099332,0.35521096,3.0557036,-0.33772686,0.08862415,-0.9739063,-1.1068221,-0.02274093,1.087985,1.8382292,-2.2651868,0.19758843,1.2386792,0.7896953,1.2948861,-1.1417085
-0.20400846,-0.7098767,0.50368464,-0.36967024,1.2615882,-3.199618,0.73149824,-3.4661202,2.2345092,1.7031525,-2.8058538,-0.24149609,-1.6109363,0.10343959,-1.0037086,-1.8807784,-1.6921417,-0.082947135,3.2895906,2.0650852,1.2454011,-4.2839684,-0.080780365,0.15232617,2.5777338,1.6383667,-0.074511826,-1.4804493,2.4209113,1.2226961,1.7250719,-2.6458127
-3.8724458,3.3445745,-0.18171135,-0.29544625,2.2614384,-1.4195595,-1.7537315,-0.06607133,-2.623913,0.35224324,-3.6273766,-2.464463,-2.6436007,-0.024686031,0.08360896,0.60095537,-0.22918527,0.085785985,3.0388954,-1.3403678,-0.5657688,0.41182807,-0.8655819,-0.21209478,-0.48445886,3.167783,-0.071034476,2.8959513,-1.9238074,-1.9175668,-1.0844859,0.66285086
-1.2532964,-0.36087123,-0.5207538,-0.8501842,-0.120636,-3.1552677,0.6004761,-3.162246,1.7508231,2.2307522,-2.4799147,-0.2855507,-1.309095,0.01210446,-2.2790935,-1.5523279,1.3843389,0.081506,2.9982898,0.20903134,1.242389,-2.4144306,-0.690868,-0.62612605,-0.20074327,0.7038909,-1.8362585,-1.7389365,1.9109623,2.6970022,-2.4911437,-2.8302872
-1.2241611,1.5060053,-3.2105176,0.8955996,-0.39221966,-1.3807725,1.3381041,-0.99169916,-1.4627517,0.7472976,-1.3844857,1.1590376,-1.266318,1.7839895,-1.6647819,-1.48507,1.2052609,0.2710755,2.1413183,0.27886307,-0.07104486,-0.7976152,0.05755996,1.4082834,-0.2931792,2.1965392,-2.1158915,0.73917264,0.09796187,-1.9943564,-1.9190348,-1.7617464
0.27872404,-0.33771706,-3.1113648,-0.42832908,-0.23784031,-1.7979529,1.0536526,-2.6766908,0.1092115,0.54818845,-4.382633,0.49642003,0.11386697,0.63298005,0.36543217,-4.2212753,-0.36120266,-0.86957234,1.4737692,0.14163285,1.2450211,-2.2165809,-0.078568615,0.116280176,-0.36051208,-0.93818253,0.13290095,0.12257271,0.80890536,-0.59547067,-0.21565638,-2.5393727
-0.40869206,-1.9916356,4.1290936,-0.568179,2.1299093,-1.4267639,-0.9356805,-2.3035333,1.9203213,-0.20699413,-2.7261486,-0.34668803,-0.50150204,-2.2142324,-0.37127808,-0.26319298,-0.79152477,0.7761882,-0.58705896,-1.6916927,-0.2536899,-3.5253878,0.45068184,-0.9357407,-1.1851162,-1.0893341,-0.38073823,-0.11254191,0.2297667,3.2143836,1.2214664,0.55422544
-1.4079016,-1.6482307,3.384827,-0.35263553,1.5388621,-1.5602291,-0.40328726,-1.9148707,2.217468,0.5816592,-2.4981508,-0.10719448,-0.23816773,-1.8250484,-0.5061049,0.4640122,-0.046080843,0.50453126,-0.646341,-1.4651467,0.0061562955,-2.3617063,0.62205756,-1.2095368,-1.607808,-1.4509377,-0.39167416,-0.50895375,-0.10119204,3.904306,0.11101337,0.07200371
-1.2012954,-1.8801496,4.1160417,-0.12895946,1.5476893,-1.9886894,-0.40111113,-2.1444619,2.213165,0.34698462,-2.7316108,-0.012190255,-0.30634287,-1.8599548,0.9140424,0.23177278,-1.1006709,0.37792772,-0.6602254,-1.74027,0.18799339,-2.2927437,0.9192384,-1.4584826,-1.4335309,-1.1801219,-0.10789396,-0.13915381,-0.10006772,3.284295,-0.25177288,0.69476414
-1.3413857,3.16036,-0.35744837,0.28643957,-0.1886832,-0.81196845,0.7399921,-1.8880587,-0.94089806,-0.08876309,-3.2271137,-0.29105446,-2.0439045,-0.0984477,-0.8732659,-0.50617784,-1.0398481,-1.3555713,0.84990525,0.36190507,-0.27830434,-1.8633553,1.1818144,1.7686291,1.9057463,1.971008,-0.40945148,1.6356702,0.3579503,-3.8648365,0.49558425,-1.3364797
-0.44468704,2.4071922,0.04152625,-0.619491,-0.19736816,-0.77546334,0.6950045,-2.0953581,-0.5113392,-0.5647237,-2.2190592,-0.07776868,-2.0588672,-0.787441,-0.9207998,-1.001533,-0.9542848,-1.2981833,0.9617938,-0.17355964,-0.7931978,-2.8015707,1.3604692,1.9492942,1.6124771,1.4633901,-1.5820374,1.8480855,0.5007787,-4.4722214,1.5924927,-1.1866554
-1.4905484,3.3739314,-0.5546335,0.3582745,-0.819746,-1.4890696,0.70441365,-0.9344551,-1.2428744,0.22896329,-1.8790227,-0.18213053,-2.1152723,0.24498723,-0.7739298,0.5579889,0.76244867,-1.6122438,0.32715845,-0.3380301,-0.5238461,0.29598016,1.5991627,1.0763761,0.945344,1.7609625,-0.89222825,1.2969793,0.054119017,-3.5324702,-2.3410456,-0.9750788
-1.7094601,2.9483662,-1.0477412,1.0724698,0.10947876,-1.3575876,1.3900985,-0.4533393,-0.9683722,-0.6046626,-2.212698,0.8609477,-1.7996241,-0.024988614,-1.5933436,0.52075315,0.6562422,-1.1033459,-0.086048365,-0.23642969,-0.92901933,-0.1941008,2.2632072,1.8890547,0.31096923,1.2579619,-0.82642263,1.965672,-0.35007295,-3.6408548,-2.4792516,-1.2804561
-0.8142945,2.593483,-0.5368174,-0.077843696,1.0010369,-0.43392897,0.9998178,-0.7700303,-0.6734334,-1.2374748,-2.9293957,-0.28799266,-1.4152629,-0.18122457,-0.6149119,-0.042211674,-0.86306155,-1.0705734,0.11005853,0.04720144,-1.255569,-1.2875516,1.9928622,1.7254363,1.3048774,1.066285,-0.04119712,2.3785014,0.15742645,-4.0521164,1.2379107,-0.73629856
-1.1860619,-0.62665343,-1.3396207,1.9296361,2.5607774,-1.1785612,2.0486689,-0.09424275,-0.32388884,-0.7947707,-1.8075693,0.43801874,1.216734,-1.5276835,-0.9871689,-0.12834877,0.22100414,2.2785819,-1.0713919,-0.8301948,-1.3348706,-1.6318591,1.9263513,0.63041115,-0.19270958,-1.0481648,-1.0755972,1.8377366,-0.81155527,1.6532446,0.24678452,-1.9673245
-0.8215616,1.936326,-0.93996733,0.96508837,0.3661012,1.1656559,1.5270264,0.23450595,-0.7347053,-1.1258029,-1.0347726,1.0197798,0.252099,0.2479934,0.3930911,0.5974627,0.09021966,-0.29707056,-1.6310116,-0.2692428,-1.2211771,-2.0336132,2.278146,2.5563257,0.93973666,0.28278622,-2.3897915,2.0693188,0.00096445903,-3.275951,1.1930667,-0.52919245
0.7208063,0.39525205,-1.6579098,-1.3938333,0.56896347,-2.2942512,0.5914471,-3.0633523,0.90995467,0.1986016,-2.517117,-1.3660947,1.1809309,0.4323238,2.0705297,-3.8106725,-1.6232195,-0.97112024,0.64515555,0.3683502,-0.0901283,-0.29734927,-0.63764524,-1.3748058,1.0918957,-1.1391969,0.6293723,0.60354537,-0.044580463,0.3280498,0.65816754,-1.3569471
0.08146161,0.91959023,0.42652506,-2.0766656,-1.7649621,-1.5302706,-0.6778022,-3.1355164,1.1189955,1.0241663,-2.6996517,-0.22260147,-1.3214394,0.8392519,1.4669755,-2.5021908,-1.1500272,-2.291571,1.4224741,1.5368769,1.2264743,-1.561587,-1.2806842,-0.29566848,2.1417305,0.7316173,-0.2754007,-2.0104537,2.057669,-0.9210583,-0.6079393,-1.0162157
0.20324859,2.3746963,1.1409458,0.77504086,1.208986,-0.011040144,-2.0171778,-1.2204741,-3.0532606,-1.3910452,-4.090837,-0.5888278,-1.4215654,-1.6452885,1.247686,-0.98333937,-0.60446155,0.12697875,-1.0864245,-1.1486605,-1.6887467,-0.72259355,-0.44871193,0.8509284,1.3176012,1.2867467,-0.9444727,2.3520808,-1.680588,-3.0073335,-0.9395747,1.126121
-1.0714002,2.7462876,0.6903469,0.74207425,1.4041997,-0.9461827,-1.3990402,-0.43524256,-2.536597,-1.2845798,-3.7239733,-0.33854422,-1.5768089,-1.9760928,-0.22122636,0.046247132,0.29497975,0.2663077,-1.1148877,-1.675798,-1.4429967,-0.29006884,0.36774775,0.8079457,0.19347928,0.9241314,-0.6100919,2.7726452,-2.5485992,-3.0720057,-1.9394752,0.6090572
-0.48212785,1.7180307,1.8055489,1.2937323,0.7605805,0.7475762,-1.6029922,-0.85207504,-2.4196467,-1.5002081,-1.3642719,-0.27460933,0.0044520367,-1.7651603,1.4686633,-0.19486082,-1.0302203,0.69751865,-1.0864784,-1.8266516,-1.3827629,-1.6308085,-0.24256742,1.1355299,1.3199018,1.2697496,-2.3346725,2.0299492,-1.5274495,-2.6812916,0.82494324,1.3433101
-1.3367115,0.816791,0.6987822,1.093173,0.5913442,1.7744749,0.4736032,0.06951156,0.271813,-0.78217036,-0.6825106,0.6483265,0.692076,0.22582401,0.5821085,0.7637413,0.51131004,-0.016539352,-1.8874574,-1.4263588,-0.18729874,-1.6694218,1.3233688,1.0444647,-0.43535703,-0.5660249,-1.6435126,1.6507722,-1.0502876,-0.17809111,2.99469,0.58141804
-2.1475108,1.9594705,-3.3117232,0.8233727,2.1891334,0.46003163,0.6113417,0.31074923,-2.2241845,-0.6102186,-3.4558363,-0.36868402,-0.5351945,1.4175473,0.77526957,-0.8071452,-1.4432656,0.9578092,1.0135663,0.4826002,-1.6018679,-0.65164495,0.32478788,0.9615984,0.5341593,1.378537,-0.3921212,2.9577653,-0.46683124,-1.7557942,0.6919536,-0.49638727
-2.3251915,0.8080405,-0.39863253,2.4018314,0.9000566,-3.0069575,0.93910974,-0.12766623,0.58167994,-0.7545064,-2.6514192,2.2931023,0.5117222,-0.003448478,-3.4017038,0.72737306,0.5184209,-0.16639194,-2.769529,-1.2417895,-0.1690428,-1.8654063,2.754133,0.7218374,-1.265318,-0.59331816,-0.5325948,1.3911583,-1.3423274,-0.41932467,-4.024111,-0.26228493
-1.3457122,0.9115673,3.3049908,-0.4800572,-0.03478785,-0.74629647,-1.6940814,-2.202893,-0.082100816,1.1778797,-2.9194314,-1.0673273,-2.069901,0.45164827,2.8326156,0.21412086,-1.7847247,-0.80689675,1.837965,-0.17325309,0.40381396,-1.0283219,-1.3427839,-0.7006905,0.9999191,2.089626,-0.23166971,-1.1871513,1.4015855,0.21141878,-0.512057,0.9642011
-1.2586716,1.4690735,2.6790118,0.08403495,-0.049504206,0.16466618,-1.8385391,-1.498137,-0.09231571,0.97447413,-1.722749,-0.512677,-1.171576,2.2249734,1.1389323,0.84901863,-0.06956141,-1.2571537,1.2046641,-1.0041192,0.71206045,-0.73831177,-0.92404515,0.45226488,-0.097203806,1.8650314,-0.6517974,-0.07031953,0.870321,0.07216004,0.060045525,1.7106142
-0.3532558,0.48888287,3.152678,-0.5519043,-0.58169687,-3.14751,-1.6311787,-2.879373,1.4171265,2.9667425,-0.29330754,-0.7119411,-1.8193952,1.9428036,-0.98472416,0.140457,1.0716718,-0.66575104,2.1608906,-0.7677451,0.7151852,-2.5583029,-1.5617353,-0.72195375,0.0894883,2.7552385,-3.2626352,-1.3284774,0.9432312,1.3572507,-1.3471472,1.2996693
